"Sequence","Counter","Date"
"111 412 241 322 223 124 124 111 232 223 232 111 322 111 412 241 111","20534053","8/18/2025 5:54:07 PM"
"111 412 241 322 223 124 124 111 232 223 232 111 322 111 412 241 111","20534053","8/18/2025 5:54:07 PM"
"111 421 142 232 223 214 214 322 111 223 111 322 232 142 111 421 111","23441824","8/18/2025 6:56:51 PM"
"111 421 142 232 223 214 214 322 111 223 111 322 232 142 111 421 111","15","8/18/2025 9:17:01 PM"
"111 421 142 232 223 214 214 322 111 223 111 322 232 142 111 421 111","15","8/18/2025 9:17:20 PM"
"111 421 142 232 223 214 214 322 111 223 111 322 232 142 111 421 111","15","8/18/2025 9:21:27 PM"
"111 421 142 232 223 214 214 322 111 223 111 322 232 142 111 421 111","15","8/18/2025 9:22:09 PM"
"111 421 142 232 223 214 214 322 111 223 111 322 232 142 111 421 111","15","8/18/2025 9:24:31 PM"
"111 421 142 232 223 214 214 322 111 223 111 322 232 142 111 421 111","1","8/18/2025 9:48:14 PM"
"111 421 142 232 223 214 214 322 111 223 111 322 232 142 111 421 111","1","8/18/2025 9:50:04 PM"
"111 412 241 322 223 124 124 111 232 223 232 111 322 111 412 241 111","26","8/18/2025 10:02:24 PM"
"111 412 241 322 223 124 124 111 232 223 232 111 322 111 412 241 111","26","8/18/2025 10:03:55 PM"
"111 412 241 322 223 124 124 111 232 223 232 111 322 111 412 241 111","26","8/18/2025 10:04:26 PM"
"111 412 241 322 223 124 124 111 232 223 232 111 322 111 412 241 111","26","8/18/2025 10:04:58 PM"
"111 412 241 322 223 124 124 111 232 223 232 111 322 111 412 241 111","26","8/18/2025 10:04:58 PM"
"111 421 142 232 223 214 214 322 111 223 111 322 232 142 111 421 111","2907797","8/18/2025 11:06:47 PM"
"111 412 241 322 223 124 124 111 232 223 232 111 322 111 412 241 111","26","8/18/2025 10:04:58 PM"
"111 421 142 232 223 214 214 322 111 223 111 322 232 142 111 421 111","2907797","8/18/2025 11:06:47 PM"
"124 223 241 322 412 111 232 111 124 232 111 223 412 111 322 111 241","30860492","8/19/2025 9:04:49 AM"
"111 412 241 322 223 124 124 111 232 223 232 111 322 111 412 241 111","26","8/18/2025 10:04:58 PM"
"111 421 142 232 223 214 214 322 111 223 111 322 232 142 111 421 111","2907797","8/18/2025 11:06:47 PM"
"124 223 241 322 412 111 232 111 124 232 111 223 412 111 322 111 241","30860492","8/19/2025 9:04:49 AM"
"142 232 214 223 421 111 111 322 214 322 223 111 111 142 232 421 111","43925885","8/19/2025 1:24:00 PM"
"111 412 241 322 223 124 124 111 232 223 232 111 322 111 412 241 111","26","8/18/2025 10:04:58 PM"
"111 421 142 232 223 214 214 322 111 223 111 322 232 142 111 421 111","2907797","8/18/2025 11:06:47 PM"
"124 223 241 322 412 111 232 111 124 232 111 223 412 111 322 111 241","30860492","8/19/2025 9:04:49 AM"
"142 232 214 223 421 111 111 322 214 322 223 111 111 142 232 421 111","43925885","8/19/2025 1:24:00 PM"
"214 232 142 223 421 111 322 111 214 322 111 223 142 111 232 111 421","56702612","8/19/2025 5:36:12 PM"
"111 412 241 322 223 124 124 111 232 223 232 111 322 111 412 241 111","26","8/18/2025 10:04:58 PM"
"111 421 142 232 223 214 214 322 111 223 111 322 232 142 111 421 111","2907797","8/18/2025 11:06:47 PM"
"124 223 241 322 412 111 232 111 124 232 111 223 412 111 322 111 241","30860492","8/19/2025 9:04:49 AM"
"142 232 214 223 421 111 111 322 214 322 223 111 111 142 232 421 111","43925885","8/19/2025 1:24:00 PM"
"214 232 142 223 421 111 322 111 214 322 111 223 142 111 232 111 421","56702612","8/19/2025 5:36:12 PM"
"241 223 124 322 111 412 232 124 111 111 232 223 412 322 111 111 241","64860393","8/19/2025 8:30:28 PM"
"111 412 241 322 223 124 124 111 232 223 232 111 322 111 412 241 111","26","8/18/2025 10:04:58 PM"
"111 421 142 232 223 214 214 322 111 223 111 322 232 142 111 421 111","2907797","8/18/2025 11:06:47 PM"
"124 223 241 322 412 111 232 111 124 232 111 223 412 111 322 111 241","30860492","8/19/2025 9:04:49 AM"
"142 232 214 223 421 111 111 322 214 322 223 111 111 142 232 421 111","43925885","8/19/2025 1:24:00 PM"
"214 232 142 223 421 111 322 111 214 322 111 223 142 111 232 111 421","56702612","8/19/2025 5:36:12 PM"
"241 223 124 322 111 412 232 124 111 111 232 223 412 322 111 111 241","64860393","8/19/2025 8:30:28 PM"
"412 111 322 241 124 223 124 111 232 232 223 111 322 111 412 241 111","70242406","8/19/2025 10:24:51 PM"
"111 412 241 322 223 124 124 111 232 223 232 111 322 111 412 241 111","26","8/18/2025 10:04:58 PM"
"111 421 142 232 223 214 214 322 111 223 111 322 232 142 111 421 111","2907797","8/18/2025 11:06:47 PM"
"124 223 241 322 412 111 232 111 124 232 111 223 412 111 322 111 241","30860492","8/19/2025 9:04:49 AM"
"142 232 214 223 421 111 111 322 214 322 223 111 111 142 232 421 111","43925885","8/19/2025 1:24:00 PM"
"214 232 142 223 421 111 322 111 214 322 111 223 142 111 232 111 421","56702612","8/19/2025 5:36:12 PM"
"241 223 124 322 111 412 232 124 111 111 232 223 412 322 111 111 241","64860393","8/19/2025 8:30:28 PM"
"412 111 322 241 124 223 124 111 232 232 223 111 322 111 412 241 111","70242406","8/19/2025 10:24:51 PM"
"421 111 142 223 232 214 322 214 111 223 111 322 142 232 111 421 111","78403235","8/20/2025 1:12:28 AM"
"421 111 142 223 232 214 322 214 111 223 111 322 142 232 111 421 111","297","8/30/2025 11:51:41 AM"
"421 111 142 223 232 214 322 214 111 223 111 322 142 232 111 421 111","297","8/30/2025 11:51:53 AM"
"00111 00111 00111 00111 00111 00111 00111 00111 00111 00111 00111 00111 00111 00111 00111 00111 00111","17","9/1/2025 4:43:19 PM"
"00111 00111 00111 00111 00111 00111 00111 00111 00111 00111 00111 00111 00111 00111 00111 00111 00111","17","9/1/2025 4:43:19 PM"
"00111 00111 00111 00111 00111 00111 00111 00111 00111 00111 00111 00111 00111 00111 00111 00111 10223","18","9/1/2025 4:43:19 PM"
"00111 00111 00111 00111 00111 00111 00111 00111 00111 00111 00111 00111 00111 00111 00111 00111 00111","17","9/1/2025 4:43:19 PM"
"00111 00111 00111 00111 00111 00111 00111 00111 00111 00111 00111 00111 00111 00111 00111 00111 10223","18","9/1/2025 4:43:19 PM"
"00111 00111 00111 00111 00111 00111 00111 00111 00111 00111 00111 00111 00111 00111 00111 00111 12322","20","9/1/2025 4:43:19 PM"
"00111 00111 00111 00111 00111 00111 00111 00111 00111 00111 00111 00111 00111 00111 00111 00111 00111","17","9/1/2025 4:43:19 PM"
"00111 00111 00111 00111 00111 00111 00111 00111 00111 00111 00111 00111 00111 00111 00111 00111 10223","18","9/1/2025 4:43:19 PM"
"00111 00111 00111 00111 00111 00111 00111 00111 00111 00111 00111 00111 00111 00111 00111 00111 12322","20","9/1/2025 4:43:19 PM"
"00111 00111 00111 00111 00111 00111 00111 00111 00111 00111 00111 00111 00111 00111 00111 00111 20124","21","9/1/2025 4:43:19 PM"
"00111 00111 00111 00111 00111 00111 00111 00111 00111 00111 00111 00111 00111 00111 00111 00111 00111","17","9/1/2025 4:43:19 PM"
"00111 00111 00111 00111 00111 00111 00111 00111 00111 00111 00111 00111 00111 00111 00111 00111 10223","18","9/1/2025 4:43:19 PM"
"00111 00111 00111 00111 00111 00111 00111 00111 00111 00111 00111 00111 00111 00111 00111 00111 12322","20","9/1/2025 4:43:19 PM"
"00111 00111 00111 00111 00111 00111 00111 00111 00111 00111 00111 00111 00111 00111 00111 00111 20124","21","9/1/2025 4:43:19 PM"
"00111 00111 00111 00111 00111 00111 00111 00111 00111 00111 00111 00111 00111 00111 00111 00111 22214","23","9/1/2025 4:43:19 PM"
"00111 00111 00111 00111 00111 00111 00111 00111 00111 00111 00111 00111 00111 00111 00111 00111 00111","17","9/1/2025 4:43:19 PM"
"00111 00111 00111 00111 00111 00111 00111 00111 00111 00111 00111 00111 00111 00111 00111 00111 10223","18","9/1/2025 4:43:19 PM"
"00111 00111 00111 00111 00111 00111 00111 00111 00111 00111 00111 00111 00111 00111 00111 00111 12322","20","9/1/2025 4:43:19 PM"
"00111 00111 00111 00111 00111 00111 00111 00111 00111 00111 00111 00111 00111 00111 00111 00111 20124","21","9/1/2025 4:43:19 PM"
"00111 00111 00111 00111 00111 00111 00111 00111 00111 00111 00111 00111 00111 00111 00111 00111 22214","23","9/1/2025 4:43:19 PM"
"00111 00111 00111 00111 00111 00111 00111 00111 00111 00111 00111 00111 00111 00111 00111 00111 24412","25","9/1/2025 4:43:19 PM"
"00111 00111 00111 00111 00111 00111 00111 00111 00111 00111 00111 00111 00111 00111 00111 00111 00111","17","9/1/2025 4:43:19 PM"
"00111 00111 00111 00111 00111 00111 00111 00111 00111 00111 00111 00111 00111 00111 00111 00111 10223","18","9/1/2025 4:43:19 PM"
"00111 00111 00111 00111 00111 00111 00111 00111 00111 00111 00111 00111 00111 00111 00111 00111 12322","20","9/1/2025 4:43:19 PM"
"00111 00111 00111 00111 00111 00111 00111 00111 00111 00111 00111 00111 00111 00111 00111 00111 20124","21","9/1/2025 4:43:19 PM"
"00111 00111 00111 00111 00111 00111 00111 00111 00111 00111 00111 00111 00111 00111 00111 00111 22214","23","9/1/2025 4:43:19 PM"
"00111 00111 00111 00111 00111 00111 00111 00111 00111 00111 00111 00111 00111 00111 00111 00111 24412","25","9/1/2025 4:43:19 PM"
"00111 00111 00111 00111 00111 00111 00111 00111 00111 00111 00111 00111 00111 00111 00111 00111 25421","26","9/1/2025 4:43:19 PM"
"00111 00111 00111 00111 00111 00111 00111 00111 00111 00111 00111 00111 00111 00111 00111 00111 00111","17","9/1/2025 4:43:19 PM"
"00111 00111 00111 00111 00111 00111 00111 00111 00111 00111 00111 00111 00111 00111 00111 00111 10223","18","9/1/2025 4:43:19 PM"
"00111 00111 00111 00111 00111 00111 00111 00111 00111 00111 00111 00111 00111 00111 00111 00111 12322","20","9/1/2025 4:43:19 PM"
"00111 00111 00111 00111 00111 00111 00111 00111 00111 00111 00111 00111 00111 00111 00111 00111 20124","21","9/1/2025 4:43:19 PM"
"00111 00111 00111 00111 00111 00111 00111 00111 00111 00111 00111 00111 00111 00111 00111 00111 22214","23","9/1/2025 4:43:19 PM"
"00111 00111 00111 00111 00111 00111 00111 00111 00111 00111 00111 00111 00111 00111 00111 00111 24412","25","9/1/2025 4:43:19 PM"
"00111 00111 00111 00111 00111 00111 00111 00111 00111 00111 00111 00111 00111 00111 00111 00111 25421","26","9/1/2025 4:43:19 PM"
"00111 00111 00111 00111 00111 00111 00111 00111 00111 00111 00111 00111 00111 00111 00111 10223 00111","28","9/1/2025 4:43:20 PM"
"00111 00111 00111 00111 00111 00111 00111 00111 00111 00111 00111 00111 00111 00111 00111 00111 00111","17","9/1/2025 4:43:19 PM"
"00111 00111 00111 00111 00111 00111 00111 00111 00111 00111 00111 00111 00111 00111 00111 00111 10223","18","9/1/2025 4:43:19 PM"
"00111 00111 00111 00111 00111 00111 00111 00111 00111 00111 00111 00111 00111 00111 00111 00111 12322","20","9/1/2025 4:43:19 PM"
"00111 00111 00111 00111 00111 00111 00111 00111 00111 00111 00111 00111 00111 00111 00111 00111 20124","21","9/1/2025 4:43:19 PM"
"00111 00111 00111 00111 00111 00111 00111 00111 00111 00111 00111 00111 00111 00111 00111 00111 22214","23","9/1/2025 4:43:19 PM"
"00111 00111 00111 00111 00111 00111 00111 00111 00111 00111 00111 00111 00111 00111 00111 00111 24412","25","9/1/2025 4:43:19 PM"
"00111 00111 00111 00111 00111 00111 00111 00111 00111 00111 00111 00111 00111 00111 00111 00111 25421","26","9/1/2025 4:43:19 PM"
"00111 00111 00111 00111 00111 00111 00111 00111 00111 00111 00111 00111 00111 00111 00111 10223 00111","28","9/1/2025 4:43:20 PM"
"00111 00111 00111 00111 00111 00111 00111 00111 00111 00111 00111 00111 00111 00111 00111 10223 10223","29","9/1/2025 4:43:20 PM"
"00111 00111 00111 00111 00111 00111 00111 00111 00111 00111 00111 00111 00111 00111 00111 00111 00111","17","9/1/2025 5:00:47 PM"
"00111 00111 00111 00111 00111 00111 00111 00111 00111 00111 00111 00111 00111 00111 00111 00111 00111","17","9/1/2025 5:00:47 PM"
"00111 00111 00111 00111 00111 00111 00111 00111 00111 00111 00111 00111 00111 00111 00111 00111 10223","18","9/1/2025 5:00:47 PM"
"00111 00111 00111 00111 00111 00111 00111 00111 00111 00111 00111 00111 00111 00111 00111 00111 00111","17","9/1/2025 5:00:47 PM"
"00111 00111 00111 00111 00111 00111 00111 00111 00111 00111 00111 00111 00111 00111 00111 00111 10223","18","9/1/2025 5:00:47 PM"
"00111 00111 00111 00111 00111 00111 00111 00111 00111 00111 00111 00111 00111 00111 00111 00111 12322","20","9/1/2025 5:00:47 PM"
"00111 00111 00111 00111 00111 00111 00111 00111 00111 00111 00111 00111 00111 00111 00111 00111 00111","17","9/1/2025 5:00:47 PM"
"00111 00111 00111 00111 00111 00111 00111 00111 00111 00111 00111 00111 00111 00111 00111 00111 10223","18","9/1/2025 5:00:47 PM"
"00111 00111 00111 00111 00111 00111 00111 00111 00111 00111 00111 00111 00111 00111 00111 00111 12322","20","9/1/2025 5:00:47 PM"
"00111 00111 00111 00111 00111 00111 00111 00111 00111 00111 00111 00111 00111 00111 00111 00111 20124","21","9/1/2025 5:00:47 PM"
"00111 00111 00111 00111 00111 00111 00111 00111 00111 00111 00111 00111 00111 00111 00111 00111 00111","17","9/1/2025 5:00:47 PM"
"00111 00111 00111 00111 00111 00111 00111 00111 00111 00111 00111 00111 00111 00111 00111 00111 10223","18","9/1/2025 5:00:47 PM"
"00111 00111 00111 00111 00111 00111 00111 00111 00111 00111 00111 00111 00111 00111 00111 00111 12322","20","9/1/2025 5:00:47 PM"
"00111 00111 00111 00111 00111 00111 00111 00111 00111 00111 00111 00111 00111 00111 00111 00111 20124","21","9/1/2025 5:00:47 PM"
"00111 00111 00111 00111 00111 00111 00111 00111 00111 00111 00111 00111 00111 00111 00111 00111 22214","23","9/1/2025 5:00:47 PM"
"00111 00111 00111 00111 00111 00111 00111 00111 00111 00111 00111 00111 00111 00111 00111 00111 00111","17","9/1/2025 5:00:47 PM"
"00111 00111 00111 00111 00111 00111 00111 00111 00111 00111 00111 00111 00111 00111 00111 00111 10223","18","9/1/2025 5:00:47 PM"
"00111 00111 00111 00111 00111 00111 00111 00111 00111 00111 00111 00111 00111 00111 00111 00111 12322","20","9/1/2025 5:00:47 PM"
"00111 00111 00111 00111 00111 00111 00111 00111 00111 00111 00111 00111 00111 00111 00111 00111 20124","21","9/1/2025 5:00:47 PM"
"00111 00111 00111 00111 00111 00111 00111 00111 00111 00111 00111 00111 00111 00111 00111 00111 22214","23","9/1/2025 5:00:47 PM"
"00111 00111 00111 00111 00111 00111 00111 00111 00111 00111 00111 00111 00111 00111 00111 00111 24412","25","9/1/2025 5:00:47 PM"
"00111 00111 00111 00111 00111 00111 00111 00111 00111 00111 00111 00111 00111 00111 00111 00111 00111","17","9/1/2025 5:00:47 PM"
"00111 00111 00111 00111 00111 00111 00111 00111 00111 00111 00111 00111 00111 00111 00111 00111 10223","18","9/1/2025 5:00:47 PM"
"00111 00111 00111 00111 00111 00111 00111 00111 00111 00111 00111 00111 00111 00111 00111 00111 12322","20","9/1/2025 5:00:47 PM"
"00111 00111 00111 00111 00111 00111 00111 00111 00111 00111 00111 00111 00111 00111 00111 00111 20124","21","9/1/2025 5:00:47 PM"
"00111 00111 00111 00111 00111 00111 00111 00111 00111 00111 00111 00111 00111 00111 00111 00111 22214","23","9/1/2025 5:00:47 PM"
"00111 00111 00111 00111 00111 00111 00111 00111 00111 00111 00111 00111 00111 00111 00111 00111 24412","25","9/1/2025 5:00:47 PM"
"00111 00111 00111 00111 00111 00111 00111 00111 00111 00111 00111 00111 00111 00111 00111 00111 25421","26","9/1/2025 5:00:47 PM"
"00111 00111 00111 00111 00111 00111 00111 00111 00111 00111 00111 00111 00111 00111 00111 00111 00111","17","9/1/2025 5:00:47 PM"
"00111 00111 00111 00111 00111 00111 00111 00111 00111 00111 00111 00111 00111 00111 00111 00111 10223","18","9/1/2025 5:00:47 PM"
"00111 00111 00111 00111 00111 00111 00111 00111 00111 00111 00111 00111 00111 00111 00111 00111 12322","20","9/1/2025 5:00:47 PM"
"00111 00111 00111 00111 00111 00111 00111 00111 00111 00111 00111 00111 00111 00111 00111 00111 20124","21","9/1/2025 5:00:47 PM"
"00111 00111 00111 00111 00111 00111 00111 00111 00111 00111 00111 00111 00111 00111 00111 00111 22214","23","9/1/2025 5:00:47 PM"
"00111 00111 00111 00111 00111 00111 00111 00111 00111 00111 00111 00111 00111 00111 00111 00111 24412","25","9/1/2025 5:00:47 PM"
"00111 00111 00111 00111 00111 00111 00111 00111 00111 00111 00111 00111 00111 00111 00111 00111 25421","26","9/1/2025 5:00:47 PM"
"00111 00111 00111 00111 00111 00111 00111 00111 00111 00111 00111 00111 00111 00111 00111 10223 00111","28","9/1/2025 5:00:47 PM"
"00111 00111 00111 00111 00111 00111 00111 00111 00111 00111 00111 00111 00111 00111 00111 00111 00111","17","9/1/2025 5:00:47 PM"
"00111 00111 00111 00111 00111 00111 00111 00111 00111 00111 00111 00111 00111 00111 00111 00111 10223","18","9/1/2025 5:00:47 PM"
"00111 00111 00111 00111 00111 00111 00111 00111 00111 00111 00111 00111 00111 00111 00111 00111 12322","20","9/1/2025 5:00:47 PM"
"00111 00111 00111 00111 00111 00111 00111 00111 00111 00111 00111 00111 00111 00111 00111 00111 20124","21","9/1/2025 5:00:47 PM"
"00111 00111 00111 00111 00111 00111 00111 00111 00111 00111 00111 00111 00111 00111 00111 00111 22214","23","9/1/2025 5:00:47 PM"
"00111 00111 00111 00111 00111 00111 00111 00111 00111 00111 00111 00111 00111 00111 00111 00111 24412","25","9/1/2025 5:00:47 PM"
"00111 00111 00111 00111 00111 00111 00111 00111 00111 00111 00111 00111 00111 00111 00111 00111 25421","26","9/1/2025 5:00:47 PM"
"00111 00111 00111 00111 00111 00111 00111 00111 00111 00111 00111 00111 00111 00111 00111 10223 00111","28","9/1/2025 5:00:47 PM"
"00111 00111 00111 00111 00111 00111 00111 00111 00111 00111 00111 00111 00111 00111 00111 10223 10223","29","9/1/2025 5:00:47 PM"
"00111 00111 00111 00111 00111 00111 00111 00111 00111 00111 00111 00111 00111 00111 00111 00111 00111","17","9/1/2025 5:07:22 PM"
"00111 00111 00111 00111 00111 00111 00111 00111 00111 00111 00111 00111 00111 00111 00111 00111 00111","17","9/1/2025 5:07:22 PM"
"00111 00111 00111 00111 00111 00111 00111 00111 00111 00111 00111 00111 00111 00111 00111 00111 10223","18","9/1/2025 5:07:22 PM"
"00111 00111 00111 00111 00111 00111 00111 00111 00111 00111 00111 00111 00111 00111 00111 00111 00111","17","9/1/2025 5:07:22 PM"
"00111 00111 00111 00111 00111 00111 00111 00111 00111 00111 00111 00111 00111 00111 00111 00111 10223","18","9/1/2025 5:07:22 PM"
"00111 00111 00111 00111 00111 00111 00111 00111 00111 00111 00111 00111 00111 00111 00111 00111 12322","20","9/1/2025 5:07:22 PM"
"00111 00111 00111 00111 00111 00111 00111 00111 00111 00111 00111 00111 00111 00111 00111 00111 00111","17","9/1/2025 5:07:22 PM"
"00111 00111 00111 00111 00111 00111 00111 00111 00111 00111 00111 00111 00111 00111 00111 00111 10223","18","9/1/2025 5:07:22 PM"
"00111 00111 00111 00111 00111 00111 00111 00111 00111 00111 00111 00111 00111 00111 00111 00111 12322","20","9/1/2025 5:07:22 PM"
"00111 00111 00111 00111 00111 00111 00111 00111 00111 00111 00111 00111 00111 00111 00111 00111 20124","21","9/1/2025 5:07:22 PM"
"00111 00111 00111 00111 00111 00111 00111 00111 00111 00111 00111 00111 00111 00111 00111 00111 00111","17","9/1/2025 5:07:22 PM"
"00111 00111 00111 00111 00111 00111 00111 00111 00111 00111 00111 00111 00111 00111 00111 00111 10223","18","9/1/2025 5:07:22 PM"
"00111 00111 00111 00111 00111 00111 00111 00111 00111 00111 00111 00111 00111 00111 00111 00111 12322","20","9/1/2025 5:07:22 PM"
"00111 00111 00111 00111 00111 00111 00111 00111 00111 00111 00111 00111 00111 00111 00111 00111 20124","21","9/1/2025 5:07:22 PM"
"00111 00111 00111 00111 00111 00111 00111 00111 00111 00111 00111 00111 00111 00111 00111 00111 22214","23","9/1/2025 5:07:22 PM"
"00111 00111 00111 00111 00111 00111 00111 00111 00111 00111 00111 00111 00111 00111 00111 00111 00111","17","9/1/2025 5:07:22 PM"
"00111 00111 00111 00111 00111 00111 00111 00111 00111 00111 00111 00111 00111 00111 00111 00111 10223","18","9/1/2025 5:07:22 PM"
"00111 00111 00111 00111 00111 00111 00111 00111 00111 00111 00111 00111 00111 00111 00111 00111 12322","20","9/1/2025 5:07:22 PM"
"00111 00111 00111 00111 00111 00111 00111 00111 00111 00111 00111 00111 00111 00111 00111 00111 20124","21","9/1/2025 5:07:22 PM"
"00111 00111 00111 00111 00111 00111 00111 00111 00111 00111 00111 00111 00111 00111 00111 00111 22214","23","9/1/2025 5:07:22 PM"
"00111 00111 00111 00111 00111 00111 00111 00111 00111 00111 00111 00111 00111 00111 00111 00111 24412","25","9/1/2025 5:07:22 PM"
"00111 00111 00111 00111 00111 00111 00111 00111 00111 00111 00111 00111 00111 00111 00111 00111 00111","17","9/1/2025 5:07:22 PM"
"00111 00111 00111 00111 00111 00111 00111 00111 00111 00111 00111 00111 00111 00111 00111 00111 10223","18","9/1/2025 5:07:22 PM"
"00111 00111 00111 00111 00111 00111 00111 00111 00111 00111 00111 00111 00111 00111 00111 00111 12322","20","9/1/2025 5:07:22 PM"
"00111 00111 00111 00111 00111 00111 00111 00111 00111 00111 00111 00111 00111 00111 00111 00111 20124","21","9/1/2025 5:07:22 PM"
"00111 00111 00111 00111 00111 00111 00111 00111 00111 00111 00111 00111 00111 00111 00111 00111 22214","23","9/1/2025 5:07:22 PM"
"00111 00111 00111 00111 00111 00111 00111 00111 00111 00111 00111 00111 00111 00111 00111 00111 24412","25","9/1/2025 5:07:22 PM"
"00111 00111 00111 00111 00111 00111 00111 00111 00111 00111 00111 00111 00111 00111 00111 00111 25421","26","9/1/2025 5:07:22 PM"
"00111 00111 00111 00111 00111 00111 00111 00111 00111 00111 00111 00111 00111 00111 00111 00111 00111","17","9/1/2025 5:07:22 PM"
"00111 00111 00111 00111 00111 00111 00111 00111 00111 00111 00111 00111 00111 00111 00111 00111 10223","18","9/1/2025 5:07:22 PM"
"00111 00111 00111 00111 00111 00111 00111 00111 00111 00111 00111 00111 00111 00111 00111 00111 12322","20","9/1/2025 5:07:22 PM"
"00111 00111 00111 00111 00111 00111 00111 00111 00111 00111 00111 00111 00111 00111 00111 00111 20124","21","9/1/2025 5:07:22 PM"
"00111 00111 00111 00111 00111 00111 00111 00111 00111 00111 00111 00111 00111 00111 00111 00111 22214","23","9/1/2025 5:07:22 PM"
"00111 00111 00111 00111 00111 00111 00111 00111 00111 00111 00111 00111 00111 00111 00111 00111 24412","25","9/1/2025 5:07:22 PM"
"00111 00111 00111 00111 00111 00111 00111 00111 00111 00111 00111 00111 00111 00111 00111 00111 25421","26","9/1/2025 5:07:22 PM"
"00111 00111 00111 00111 00111 00111 00111 00111 00111 00111 00111 00111 00111 00111 00111 10223 00111","28","9/1/2025 5:07:22 PM"
"00111 00111 00111 00111 00111 00111 00111 00111 00111 00111 00111 00111 00111 00111 00111 00111 00111","17","9/1/2025 5:07:22 PM"
"00111 00111 00111 00111 00111 00111 00111 00111 00111 00111 00111 00111 00111 00111 00111 00111 10223","18","9/1/2025 5:07:22 PM"
"00111 00111 00111 00111 00111 00111 00111 00111 00111 00111 00111 00111 00111 00111 00111 00111 12322","20","9/1/2025 5:07:22 PM"
"00111 00111 00111 00111 00111 00111 00111 00111 00111 00111 00111 00111 00111 00111 00111 00111 20124","21","9/1/2025 5:07:22 PM"
"00111 00111 00111 00111 00111 00111 00111 00111 00111 00111 00111 00111 00111 00111 00111 00111 22214","23","9/1/2025 5:07:22 PM"
"00111 00111 00111 00111 00111 00111 00111 00111 00111 00111 00111 00111 00111 00111 00111 00111 24412","25","9/1/2025 5:07:22 PM"
"00111 00111 00111 00111 00111 00111 00111 00111 00111 00111 00111 00111 00111 00111 00111 00111 25421","26","9/1/2025 5:07:22 PM"
"00111 00111 00111 00111 00111 00111 00111 00111 00111 00111 00111 00111 00111 00111 00111 10223 00111","28","9/1/2025 5:07:22 PM"
"00111 00111 00111 00111 00111 00111 00111 00111 00111 00111 00111 00111 00111 00111 00111 10223 10223","29","9/1/2025 5:07:22 PM"
"00111 00111 00111 00111 00111 00111 00111 00111 00111 00111 00111 00111 00111 00111 00111 00111 00111","17","9/1/2025 5:59:49 PM"
"00111 00111 00111 00111 00111 00111 00111 00111 00111 00111 00111 00111 00111 00111 00111 00111 00111","17","9/1/2025 5:59:49 PM"
"00111 00111 00111 00111 00111 00111 00111 00111 00111 00111 00111 00111 00111 00111 00111 00111 10223","18","9/1/2025 5:59:49 PM"
"00111 00111 00111 00111 00111 00111 00111 00111 00111 00111 00111 00111 00111 00111 00111 00111 00111","17","9/1/2025 5:59:49 PM"
"00111 00111 00111 00111 00111 00111 00111 00111 00111 00111 00111 00111 00111 00111 00111 00111 10223","18","9/1/2025 5:59:49 PM"
"00111 00111 00111 00111 00111 00111 00111 00111 00111 00111 00111 00111 00111 00111 00111 00111 12322","20","9/1/2025 5:59:49 PM"
"00111 00111 00111 00111 00111 00111 00111 00111 00111 00111 00111 00111 00111 00111 00111 00111 00111","17","9/1/2025 5:59:49 PM"
"00111 00111 00111 00111 00111 00111 00111 00111 00111 00111 00111 00111 00111 00111 00111 00111 10223","18","9/1/2025 5:59:49 PM"
"00111 00111 00111 00111 00111 00111 00111 00111 00111 00111 00111 00111 00111 00111 00111 00111 12322","20","9/1/2025 5:59:49 PM"
"00111 00111 00111 00111 00111 00111 00111 00111 00111 00111 00111 00111 00111 00111 00111 00111 20124","21","9/1/2025 5:59:49 PM"
"00111 00111 00111 00111 00111 00111 00111 00111 00111 00111 00111 00111 00111 00111 00111 00111 00111","17","9/1/2025 5:59:49 PM"
"00111 00111 00111 00111 00111 00111 00111 00111 00111 00111 00111 00111 00111 00111 00111 00111 10223","18","9/1/2025 5:59:49 PM"
"00111 00111 00111 00111 00111 00111 00111 00111 00111 00111 00111 00111 00111 00111 00111 00111 12322","20","9/1/2025 5:59:49 PM"
"00111 00111 00111 00111 00111 00111 00111 00111 00111 00111 00111 00111 00111 00111 00111 00111 20124","21","9/1/2025 5:59:49 PM"
"00111 00111 00111 00111 00111 00111 00111 00111 00111 00111 00111 00111 00111 00111 00111 00111 22214","23","9/1/2025 5:59:49 PM"
"00111 00111 00111 00111 00111 00111 00111 00111 00111 00111 00111 00111 00111 00111 00111 00111 00111","17","9/1/2025 5:59:49 PM"
"00111 00111 00111 00111 00111 00111 00111 00111 00111 00111 00111 00111 00111 00111 00111 00111 10223","18","9/1/2025 5:59:49 PM"
"00111 00111 00111 00111 00111 00111 00111 00111 00111 00111 00111 00111 00111 00111 00111 00111 12322","20","9/1/2025 5:59:49 PM"
"00111 00111 00111 00111 00111 00111 00111 00111 00111 00111 00111 00111 00111 00111 00111 00111 20124","21","9/1/2025 5:59:49 PM"
"00111 00111 00111 00111 00111 00111 00111 00111 00111 00111 00111 00111 00111 00111 00111 00111 22214","23","9/1/2025 5:59:49 PM"
"00111 00111 00111 00111 00111 00111 00111 00111 00111 00111 00111 00111 00111 00111 00111 00111 24412","25","9/1/2025 5:59:49 PM"
"00111 00111 00111 00111 00111 00111 00111 00111 00111 00111 00111 00111 00111 00111 00111 00111 00111","17","9/1/2025 5:59:49 PM"
"00111 00111 00111 00111 00111 00111 00111 00111 00111 00111 00111 00111 00111 00111 00111 00111 10223","18","9/1/2025 5:59:49 PM"
"00111 00111 00111 00111 00111 00111 00111 00111 00111 00111 00111 00111 00111 00111 00111 00111 12322","20","9/1/2025 5:59:49 PM"
"00111 00111 00111 00111 00111 00111 00111 00111 00111 00111 00111 00111 00111 00111 00111 00111 20124","21","9/1/2025 5:59:49 PM"
"00111 00111 00111 00111 00111 00111 00111 00111 00111 00111 00111 00111 00111 00111 00111 00111 22214","23","9/1/2025 5:59:49 PM"
"00111 00111 00111 00111 00111 00111 00111 00111 00111 00111 00111 00111 00111 00111 00111 00111 24412","25","9/1/2025 5:59:49 PM"
"00111 00111 00111 00111 00111 00111 00111 00111 00111 00111 00111 00111 00111 00111 00111 00111 25421","26","9/1/2025 5:59:49 PM"
"00111 00111 00111 00111 00111 00111 00111 00111 00111 00111 00111 00111 00111 00111 00111 00111 00111","17","9/1/2025 5:59:49 PM"
"00111 00111 00111 00111 00111 00111 00111 00111 00111 00111 00111 00111 00111 00111 00111 00111 10223","18","9/1/2025 5:59:49 PM"
"00111 00111 00111 00111 00111 00111 00111 00111 00111 00111 00111 00111 00111 00111 00111 00111 12322","20","9/1/2025 5:59:49 PM"
"00111 00111 00111 00111 00111 00111 00111 00111 00111 00111 00111 00111 00111 00111 00111 00111 20124","21","9/1/2025 5:59:49 PM"
"00111 00111 00111 00111 00111 00111 00111 00111 00111 00111 00111 00111 00111 00111 00111 00111 22214","23","9/1/2025 5:59:49 PM"
"00111 00111 00111 00111 00111 00111 00111 00111 00111 00111 00111 00111 00111 00111 00111 00111 24412","25","9/1/2025 5:59:49 PM"
"00111 00111 00111 00111 00111 00111 00111 00111 00111 00111 00111 00111 00111 00111 00111 00111 25421","26","9/1/2025 5:59:49 PM"
"00111 00111 00111 00111 00111 00111 00111 00111 00111 00111 00111 00111 00111 00111 00111 10223 00111","28","9/1/2025 5:59:49 PM"
"00111 00111 00111 00111 00111 00111 00111 00111 00111 00111 00111 00111 00111 00111 00111 00111 00111","17","9/1/2025 5:59:49 PM"
"00111 00111 00111 00111 00111 00111 00111 00111 00111 00111 00111 00111 00111 00111 00111 00111 10223","18","9/1/2025 5:59:49 PM"
"00111 00111 00111 00111 00111 00111 00111 00111 00111 00111 00111 00111 00111 00111 00111 00111 12322","20","9/1/2025 5:59:49 PM"
"00111 00111 00111 00111 00111 00111 00111 00111 00111 00111 00111 00111 00111 00111 00111 00111 20124","21","9/1/2025 5:59:49 PM"
"00111 00111 00111 00111 00111 00111 00111 00111 00111 00111 00111 00111 00111 00111 00111 00111 22214","23","9/1/2025 5:59:49 PM"
"00111 00111 00111 00111 00111 00111 00111 00111 00111 00111 00111 00111 00111 00111 00111 00111 24412","25","9/1/2025 5:59:49 PM"
"00111 00111 00111 00111 00111 00111 00111 00111 00111 00111 00111 00111 00111 00111 00111 00111 25421","26","9/1/2025 5:59:49 PM"
"00111 00111 00111 00111 00111 00111 00111 00111 00111 00111 00111 00111 00111 00111 00111 10223 00111","28","9/1/2025 5:59:49 PM"
"00111 00111 00111 00111 00111 00111 00111 00111 00111 00111 00111 00111 00111 00111 00111 10223 10223","29","9/1/2025 5:59:49 PM"
"00111 00111 00111 00111 00111 00111 00111 00111 00111 00111 00111 00111 00111 00111 00111 00111 00111","17","9/1/2025 6:17:43 PM"
"00111 00111 00111 00111 00111 00111 00111 00111 00111 00111 00111 00111 00111 00111 00111 00111 00111","17","9/1/2025 6:17:43 PM"
"00111 00111 00111 00111 00111 00111 00111 00111 00111 00111 00111 00111 00111 00111 00111 00111 10223","18","9/1/2025 6:17:43 PM"
